{
	"info": {
		"_postman_id": "11540f73-a877-4658-8ac0-af48b919ae80",
		"name": "Dutch Auction",
		"schema": "https://schema.getpostman.com/json/collection/v2.1.0/collection.json"
	},
	"item": [
		{
			"name": "Final Stakers List",
			"request": {
				"method": "POST",
				"header": [],
				"body": {
					"mode": "raw",
					"raw": "",
					"options": {
						"raw": {
							"language": "json"
						}
					}
				},
				"url": {
					"raw": "http://localhost:9050/dutchAuctionClient/getFinalStakers",
					"protocol": "http",
					"host": [
						"localhost"
					],
					"port": "9050",
					"path": [
						"dutchAuctionClient",
						"getFinalStakers"
					]
				}
			},
			"response": []
		},
		{
			"name": "ERC20 Contract Address",
			"request": {
				"method": "POST",
				"header": [],
				"url": {
					"raw": "http://localhost:9050/dutchAuctionClient/getERC20Address",
					"protocol": "http",
					"host": [
						"localhost"
					],
					"port": "9050",
					"path": [
						"dutchAuctionClient",
						"getERC20Address"
					]
				}
			},
			"response": []
		},
		{
			"name": "retrieveUndistributedAuctionRewards",
			"request": {
				"method": "POST",
				"header": [],
				"url": {
					"raw": "http://localhost:9050/dutchAuctionClient/retrieveUndistributedAuctionRewards",
					"protocol": "http",
					"host": [
						"localhost"
					],
					"port": "9050",
					"path": [
						"dutchAuctionClient",
						"retrieveUndistributedAuctionRewards"
					]
				}
			},
			"response": []
		},
		{
			"name": "bid",
			"request": {
				"method": "POST",
				"header": [],
				"body": {
					"mode": "raw",
					"raw": "{\n    \"bidder_address\": \"0xcc1Fd2c2e9b14419e8debB27b462e5990AE3a86b\",\n    \"amount\": \"1100\"\n}\n",
					"options": {
						"raw": {
							"language": "json"
						}
					}
				},
				"url": {
					"raw": "http://localhost:9050/dutchAuctionClient/bid",
					"protocol": "http",
					"host": [
						"localhost"
					],
					"port": "9050",
					"path": [
						"dutchAuctionClient",
						"bid"
					]
				}
			},
			"response": []
		},
		{
			"name": "finaliseAuction",
			"request": {
				"method": "POST",
				"header": [],
				"body": {
					"mode": "raw",
					"raw": "{\n    \"finalPrice\": \"1100\"\n}",
					"options": {
						"raw": {
							"language": "json"
						}
					}
				},
				"url": {
					"raw": "http://localhost:9050/dutchAuctionClient/finaliseAuction",
					"protocol": "http",
					"host": [
						"localhost"
					],
					"port": "9050",
					"path": [
						"dutchAuctionClient",
						"finaliseAuction"
					]
				}
			},
			"response": []
		},
		{
			"name": "endLockup",
			"request": {
				"method": "POST",
				"header": [],
				"url": {
					"raw": "http://localhost:9050/dutchAuctionClient/endLockup",
					"protocol": "http",
					"host": [
						"localhost"
					],
					"port": "9050",
					"path": [
						"dutchAuctionClient",
						"endLockup"
					]
				}
			},
			"response": []
		},
		{
			"name": "abortAuction",
			"request": {
				"method": "POST",
				"header": [],
				"url": {
					"raw": "http://localhost:9050/dutchAuctionClient/abortAuction",
					"protocol": "http",
					"host": [
						"localhost"
					],
					"port": "9050",
					"path": [
						"dutchAuctionClient",
						"abortAuction"
					]
				}
			},
			"response": []
		},
		{
			"name": "withdrawSelfStake",
			"request": {
				"method": "POST",
				"header": [],
				"body": {
					"mode": "raw",
					"raw": "",
					"options": {
						"raw": {
							"language": "json"
						}
					}
				},
				"url": {
					"raw": "http://localhost:9050/dutchAuctionClient/withdrawSelfStake",
					"protocol": "http",
					"host": [
						"localhost"
					],
					"port": "9050",
					"path": [
						"dutchAuctionClient",
						"withdrawSelfStake"
					]
				}
			},
			"response": []
		},
		{
			"name": "deleteContract",
			"request": {
				"method": "POST",
				"header": [],
				"url": {
					"raw": "http://localhost:9050/dutchAuctionClient/deleteContract",
					"protocol": "http",
					"host": [
						"localhost"
					],
					"port": "9050",
					"path": [
						"dutchAuctionClient",
						"deleteContract"
					]
				}
			},
			"response": []
		},
		{
			"name": "getDenominator",
			"request": {
				"method": "POST",
				"header": [],
				"url": {
					"raw": "http://localhost:9050/dutchAuctionClient/getDenominator",
					"protocol": "http",
					"host": [
						"localhost"
					],
					"port": "9050",
					"path": [
						"dutchAuctionClient",
						"getDenominator"
					]
				}
			},
			"response": []
		},
		{
			"name": "getFinalStakerSlots",
			"request": {
				"method": "POST",
				"header": [],
				"body": {
					"mode": "raw",
					"raw": "{\n    \"staker\": \"0x128F4A19191cc1f12aF459e602B3A43985b97424\"\n}",
					"options": {
						"raw": {
							"language": "json"
						}
					}
				},
				"url": {
					"raw": "http://localhost:9050/dutchAuctionClient/getFinalStakerSlots",
					"protocol": "http",
					"host": [
						"localhost"
					],
					"port": "9050",
					"path": [
						"dutchAuctionClient",
						"getFinalStakerSlots"
					]
				}
			},
			"response": []
		},
		{
			"name": "isBiddingPhase",
			"request": {
				"method": "POST",
				"header": [],
				"url": {
					"raw": "http://localhost:9050/dutchAuctionClient/isBiddingPhase",
					"protocol": "http",
					"host": [
						"localhost"
					],
					"port": "9050",
					"path": [
						"dutchAuctionClient",
						"isBiddingPhase"
					]
				}
			},
			"response": []
		},
		{
			"name": "isFinalised",
			"request": {
				"method": "POST",
				"header": [],
				"url": {
					"raw": "http://localhost:9050/dutchAuctionClient/isFinalised",
					"protocol": "http",
					"host": [
						"localhost"
					],
					"port": "9050",
					"path": [
						"dutchAuctionClient",
						"isFinalised"
					]
				}
			},
			"response": []
		},
		{
			"name": "getCurrentPrice",
			"request": {
				"method": "POST",
				"header": [],
				"url": {
					"raw": "http://localhost:9050/dutchAuctionClient/getCurrentPrice",
					"protocol": "http",
					"host": [
						"localhost"
					],
					"port": "9050",
					"path": [
						"dutchAuctionClient",
						"getCurrentPrice"
					]
				}
			},
			"response": []
		},
		{
			"name": "calculateSelfStakeNeeded",
			"request": {
				"method": "POST",
				"header": [],
				"body": {
					"mode": "raw",
					"raw": "{\n    \"address\": \"0xEDA6609787a16217d3cEf1368F9d77221b809C9d\"\n}",
					"options": {
						"raw": {
							"language": "json"
						}
					}
				},
				"url": {
					"raw": "http://localhost:9050/dutchAuctionClient/calculateSelfStakeNeeded",
					"protocol": "http",
					"host": [
						"localhost"
					],
					"port": "9050",
					"path": [
						"dutchAuctionClient",
						"calculateSelfStakeNeeded"
					]
				}
			},
			"response": []
		},
		{
			"name": "owner",
			"request": {
				"method": "POST",
				"header": [],
				"url": {
					"raw": "http://localhost:9050/dutchAuctionClient/owner",
					"protocol": "http",
					"host": [
						"localhost"
					],
					"port": "9050",
					"path": [
						"dutchAuctionClient",
						"owner"
					]
				}
			},
			"response": []
		},
		{
			"name": "earliestDelete",
			"request": {
				"method": "POST",
				"header": [],
				"url": {
					"raw": "http://localhost:9050/dutchAuctionClient/earliestDelete",
					"protocol": "http",
					"host": [
						"localhost"
					],
					"port": "9050",
					"path": [
						"dutchAuctionClient",
						"earliestDelete"
					]
				}
			},
			"response": []
		},
		{
			"name": "currentAID",
			"request": {
				"method": "POST",
				"header": [],
				"url": {
					"raw": "http://localhost:9050/dutchAuctionClient/currentAID",
					"protocol": "http",
					"host": [
						"localhost"
					],
					"port": "9050",
					"path": [
						"dutchAuctionClient",
						"currentAID"
					]
				}
			},
			"response": []
		},
		{
			"name": "totalAuctionRewards",
			"request": {
				"method": "POST",
				"header": [],
				"url": {
					"raw": "http://localhost:9050/dutchAuctionClient/totalAuctionRewards",
					"protocol": "http",
					"host": [
						"localhost"
					],
					"port": "9050",
					"path": [
						"dutchAuctionClient",
						"totalAuctionRewards"
					]
				}
			},
			"response": []
		},
		{
			"name": "initialiseAuction",
			"request": {
				"method": "POST",
				"header": [],
				"body": {
					"mode": "raw",
					"raw": "{\n    \"start\": \"90\",\n    \"startStake\": \"1100\",\n    \"reserveStake\": \"100\",\n    \"duration\": \"10\",\n    \"lockup_duration\": \"5\",\n    \"slotsOnSale\": \"4\",\n    \"reward\": \"1000\"\n}",
					"options": {
						"raw": {
							"language": "json"
						}
					}
				},
				"url": {
					"raw": "http://localhost:9050/dutchAuctionClient/initialiseAuction",
					"protocol": "http",
					"host": [
						"localhost"
					],
					"port": "9050",
					"path": [
						"dutchAuctionClient",
						"initialiseAuction"
					]
				}
			},
			"response": []
		},
		{
			"name": "approve",
			"request": {
				"method": "POST",
				"header": [],
				"body": {
					"mode": "raw",
					"raw": "{\n    \"owner\": \"0x3C572032058B97e5BE252728f5A85c380b4CDeC4\",\n    \"spender\": \"0x72754988aFa7374614612FDd2f5DE400FfF5cDD8\",\n    \"amount\": \"1152997575000000000000000000\"\n}",
					"options": {
						"raw": {
							"language": "json"
						}
					}
				},
				"url": {
					"raw": "http://localhost:9050/dutchAuctionClient/approve",
					"protocol": "http",
					"host": [
						"localhost"
					],
					"port": "9050",
					"path": [
						"dutchAuctionClient",
						"approve"
					]
				}
			},
			"response": []
		},
		{
			"name": "balanceOf",
			"protocolProfileBehavior": {
				"disableBodyPruning": true
			},
			"request": {
				"method": "GET",
				"header": [],
				"body": {
					"mode": "raw",
					"raw": "{\n    \"account\": \"0x41b71603f8e2B091D4d1b73A95988FEcbcc9728A\"\n}",
					"options": {
						"raw": {
							"language": "json"
						}
					}
				},
				"url": {
					"raw": "http://localhost:9050/dutchAuctionClient/balanceOf",
					"protocol": "http",
					"host": [
						"localhost"
					],
					"port": "9050",
					"path": [
						"dutchAuctionClient",
						"balanceOf"
					]
				}
			},
			"response": []
		},
		{
			"name": "mint",
			"request": {
				"method": "POST",
				"header": [],
				"body": {
					"mode": "raw",
					"raw": "{\n    \"from\": \"0x5f4526B0E8cf442522D9FF9BE79bE0e631296F0d\",\n    \"to\": \"0xcc1Fd2c2e9b14419e8debB27b462e5990AE3a86b\",\n    \"amount\": \"1100\"\n}",
					"options": {
						"raw": {
							"language": "json"
						}
					}
				},
				"url": {
					"raw": "http://localhost:9050/dutchAuctionClient/mint",
					"protocol": "http",
					"host": [
						"localhost"
					],
					"port": "9050",
					"path": [
						"dutchAuctionClient",
						"mint"
					]
				}
			},
			"response": []
		},
		{
			"name": "getAuction",
			"request": {
				"method": "GET",
				"header": [],
				"url": {
					"raw": "http://localhost:9050/dutchAuctionClient/getAuction",
					"protocol": "http",
					"host": [
						"localhost"
					],
					"port": "9050",
					"path": [
						"dutchAuctionClient",
						"getAuction"
					]
				}
			},
			"response": []
		},
		{
			"name": "getFinalSlotsSold",
			"request": {
				"method": "POST",
				"header": [],
				"url": {
					"raw": "http://localhost:9050/dutchAuctionClient/getFinalSlotsSold",
					"protocol": "http",
					"host": [
						"localhost"
					],
					"port": "9050",
					"path": [
						"dutchAuctionClient",
						"getFinalSlotsSold"
					]
				}
			},
			"response": []
		},
		{
			"name": "getCurrentStakers",
			"request": {
				"method": "POST",
				"header": [],
				"url": {
					"raw": "http://localhost:9050/dutchAuctionClient/getCurrentStakers",
					"protocol": "http",
					"host": [
						"localhost"
					],
					"port": "9050",
					"path": [
						"dutchAuctionClient",
						"getCurrentStakers"
					]
				}
			},
			"response": []
		},
		{
			"name": "allowance",
			"protocolProfileBehavior": {
				"disableBodyPruning": true
			},
			"request": {
				"method": "GET",
				"header": [],
				"body": {
					"mode": "raw",
					"raw": "{\n    \"owner\": \"0x83C103d2587E87044800b89cf9A027717052457D\",\n    \"spender\": \"0x2248c86a5Ad9ed1D8899EcEF047568713E054332\"\n}",
					"options": {
						"raw": {
							"language": "json"
						}
					}
				},
				"url": {
					"raw": "http://localhost:9050/dutchAuctionClient/allowance",
					"protocol": "http",
					"host": [
						"localhost"
					],
					"port": "9050",
					"path": [
						"dutchAuctionClient",
						"allowance"
					]
				}
			},
			"response": []
		}
	]
}